user_id,user_pseudo_id
LGLdmPRe6Gcf/pBuTWnLpoOZegO+ySu+iX/VPTDFo04=,878754762.1627168021
cDgKdDLAeumawDL6VzcUNSaUI+sFmG//YbWA+NvgnvQ=,573697445.1627130586
cDgKdDLAeumawDL6VzcUNSaUI+sFmG//YbWA+NvgnvQ=,144901151.1627088021
mSOzgn3//vRcm8mOqpkxLybA4/vOLyAo50Jk5bS6fB0=,359643801.1599907216
mPXQEC0SOJbbiD+lHlW8RBQ8brJX8zU9pjpfhPaGBRQ=,1828713571.1627123094
V021nYSFP9ODSy0UPV2AZHOj4ON69adKApcw/X9FGlw=,905015999.1627129780
LEdZw1PvLSRoPEihbpb8I1DhBjD+PO87CX9dvAqGQ+o=,1634899874.1627135141
Pt4LaBrb9Eky2mlnAlNhnuK6X5r1PoNL+0ktK7kwAvI=,1230973195.1627084952
2lsuPjXt7Ea6ApyV+xqS322oa8+8R2BH2gYGH3WZjH0=,1782665534.1627137003
TOxE0j0S4XWk7uPBJXdJHc9dGABP7gip3FOqRLBwkhc=,867366495.1627163441
lW3JGhPizIKYcaPGKd4ceEu6CO8mhSihHE+dTQYaX0E=,143403165.1623068896
uzJ8HNHutyzlcSbDqzxT3nchSD25GeGf3zsnmUyzsHE=,2044715282.1624818605
5oYQcwIwxZu7A9cBG5+Xzxizy9lvKBQVszuEeXUYhIw=,421252638.1627119250
xJBQFNUMrrrOZeMarptvtinJnmRU79GrcBAT4A/0sqA=,51590731.1627096751
KpP2UhHGLjREU6vGMbqifnfjlENnzI0q+cyffFSGD0E=,1193855215.1627103823
ebcoi4O/OuUkO/PMKNMV1QlODEWb3qWmkpQMUtHMvTc=,898532138.1627131416
zMvzHXOSMzeT0vFnrUo47/15vh6X4h7/ei3KTlsAStQ=,639567958.1627154576
QhXp1ifmi+FOSa+V70fytU/N1r2IWxS+Y5Z27nePIro=,1768696203.1597950229
41kg96+xrmmJ7yiX7+r7NIY61xggdBPvemDMqCNrgTM=,1384347709.1627157361
tgRh5uU5r/QN6keqFnKqy5eKBsIJEiuVCDlzIHds6Bc=,1397308157.1627151484
e6lw5JiWssb34YVYEMcE4IHBfdE1mKVsxUBed2Oshgk=,1770019131.1627132254
RG70FD+joVxUNscOkHd+tRG4BPD9mAA6xuMTG4UxXbk=,197196625.1627108067
BLRHiC9FWZcMbhEHOaJopT+KyBaL6C8e7xCgn5fWyhY=,358958033.1626916626
pnQylwsy/k/HXb++XjiR5AOmZfdCxZsw1gsSkFpOJj4=,473390613.1627135411
